{
  "Version": 13,
  "seed": 162666978,
  "wasDriving": true,
  "vehicleParentPos": [
    1005.0,
    0.0,
    -2975.0
  ],
  "stagecoachData": {
    "m_horsesPos": [
      -14.0559692,
      0.0,
      806.133545
    ],
    "m_horsesRot": [
      0.0,
      -0.377154976,
      0.0,
      0.926150143
    ],
    "m_coachPos": [
      -13.9805908,
      -5.96046448E-08,
      807.5864
    ],
    "m_coachRot": [
      -0.00294644572,
      -0.377158433,
      -0.00216472754,
      0.92614156
    ]
  },
  "previousRatioBetweenNodes": 0.8,
  "map": {
    "m_startNodeType": "BossSelect",
    "m_lastCompletedNodeRowIndex": 3,
    "m_lastCompletedNodeIndex": 0,
    "m_lastVisitedNodeRowIndex": 3,
    "m_lastVisitedNodeIndex": 0,
    "m_biomeIndex": 0,
    "m_biomeScaffolds": [
      {
        "m_biomeGoal": null,
        "m_rowScaffolds": [
          {
            "m_genSeed": 255287072,
            "m_rowIndex": 0,
            "m_numberOfNodes": 1,
            "m_overriden": true,
            "m_genRandomId": {
              "m_id": "b0_929836160_r0",
              "m_saved": true
            },
            "m_straightBufferBeforeRow": 7,
            "m_straightBufferAfterRow": 1,
            "m_endYCoord": 22,
            "m_laneYCoord": 8,
            "m_startYCoord": 0,
            "m_nodeCoords": [
              {
                "m_X": 28,
                "m_Y": 0
              }
            ],
            "m_nodeLinks": [
              {
                "m_startIndex": 0,
                "m_endIndex": 0,
                "m_row": 0,
                "m_roadEventQtys": [
                  0,
                  0,
                  0,
                  -1
                ],
                "m_Route": "route_safe"
              }
            ],
            "m_nodeInstances": [
              {
                "m_NodeType": "BossSelect",
                "m_IsGenerated": true,
                "m_NodeSubType": null,
                "m_LootRewards": []
              }
            ]
          },
          {
            "m_genSeed": 123350544,
            "m_rowIndex": 1,
            "m_numberOfNodes": 1,
            "m_overriden": true,
            "m_genRandomId": {
              "m_id": "b0_929836160_r1",
              "m_saved": true
            },
            "m_straightBufferBeforeRow": 2,
            "m_straightBufferAfterRow": 3,
            "m_endYCoord": 38,
            "m_laneYCoord": 34,
            "m_startYCoord": 23,
            "m_nodeCoords": [
              {
                "m_X": 28,
                "m_Y": 23
              }
            ],
            "m_nodeLinks": [
              {
                "m_startIndex": 0,
                "m_endIndex": 0,
                "m_row": 1,
                "m_roadEventQtys": [
                  3,
                  0,
                  0,
                  -1
                ],
                "m_Route": "route_valley_intro_combat"
              }
            ],
            "m_nodeInstances": [
              {
                "m_NodeType": "HeroSelect",
                "m_IsGenerated": true,
                "m_NodeSubType": null,
                "m_LootRewards": []
              }
            ]
          },
          {
            "m_genSeed": 1721114880,
            "m_rowIndex": 2,
            "m_numberOfNodes": 1,
            "m_overriden": true,
            "m_genRandomId": {
              "m_id": "b0_929836160_r2",
              "m_saved": true
            },
            "m_straightBufferBeforeRow": 3,
            "m_straightBufferAfterRow": 2,
            "m_endYCoord": 60,
            "m_laneYCoord": 53,
            "m_startYCoord": 39,
            "m_nodeCoords": [
              {
                "m_X": 26,
                "m_Y": 39
              }
            ],
            "m_nodeLinks": [
              {
                "m_startIndex": 0,
                "m_endIndex": 0,
                "m_row": 2,
                "m_roadEventQtys": [
                  3,
                  0,
                  0,
                  -1
                ],
                "m_Route": "route_safe"
              }
            ],
            "m_nodeInstances": [
              {
                "m_NodeType": "StoryAssist",
                "m_IsGenerated": true,
                "m_NodeSubType": null,
                "m_LootRewards": []
              }
            ]
          },
          {
            "m_genSeed": 1085972352,
            "m_rowIndex": 3,
            "m_numberOfNodes": 1,
            "m_overriden": true,
            "m_genRandomId": {
              "m_id": "b0_929836160_r3",
              "m_saved": true
            },
            "m_straightBufferBeforeRow": 2,
            "m_straightBufferAfterRow": 3,
            "m_endYCoord": 82,
            "m_laneYCoord": 76,
            "m_startYCoord": 61,
            "m_nodeCoords": [
              {
                "m_X": 26,
                "m_Y": 61
              }
            ],
            "m_nodeLinks": [
              {
                "m_startIndex": 0,
                "m_endIndex": 0,
                "m_row": 3,
                "m_roadEventQtys": [
                  3,
                  0,
                  0,
                  -1
                ],
                "m_Route": "route_valley_intro_combat"
              }
            ],
            "m_nodeInstances": [
              {
                "m_NodeType": "Bridge",
                "m_IsGenerated": true,
                "m_NodeSubType": null,
                "m_LootRewards": []
              }
            ]
          },
          {
            "m_genSeed": 1140009856,
            "m_rowIndex": 4,
            "m_numberOfNodes": 1,
            "m_overriden": false,
            "m_genRandomId": {
              "m_id": "b0_929836160_r4",
              "m_saved": true
            },
            "m_straightBufferBeforeRow": 2,
            "m_straightBufferAfterRow": 2,
            "m_endYCoord": 103,
            "m_laneYCoord": 97,
            "m_startYCoord": 83,
            "m_nodeCoords": [
              {
                "m_X": 26,
                "m_Y": 83
              }
            ],
            "m_nodeLinks": [
              {
                "m_startIndex": 0,
                "m_endIndex": 0,
                "m_row": 4,
                "m_roadEventQtys": [
                  -1,
                  -1,
                  -1,
                  -1
                ],
                "m_Route": "route_safe"
              }
            ],
            "m_nodeInstances": [
              {
                "m_NodeType": "Inn",
                "m_IsGenerated": true,
                "m_NodeSubType": null,
                "m_LootRewards": []
              }
            ]
          },
          {
            "m_genSeed": 1694558208,
            "m_rowIndex": 5,
            "m_numberOfNodes": 1,
            "m_overriden": false,
            "m_genRandomId": {
              "m_id": "b0_929836160_r5",
              "m_saved": true
            },
            "m_straightBufferBeforeRow": 2,
            "m_straightBufferAfterRow": 2,
            "m_endYCoord": 104,
            "m_laneYCoord": 104,
            "m_startYCoord": 104,
            "m_nodeCoords": [
              {
                "m_X": 26,
                "m_Y": 104
              }
            ],
            "m_nodeLinks": [],
            "m_nodeInstances": [
              {
                "m_NodeType": "Dummy",
                "m_IsGenerated": true,
                "m_NodeSubType": null,
                "m_LootRewards": []
              }
            ]
          }
        ],
        "m_lightingSeed": 462272681,
        "m_nodeQty": 3,
        "m_numberOfMiddleRows": 3,
        "m_lastEndNodeRowIndex": 4,
        "m_biomeGenData": {
          "m_type": {
            "name": "ValleyIntro"
          },
          "m_runLength": 0,
          "m_biomeRowSetConfigurationIndex": 0
        },
        "m_conditionType": "nothing_then_intro",
        "m_firstMiddleRowIndex": 1,
        "m_overriden": true,
        "m_startNodeType": "BossSelect",
        "m_biomeIndex": 0,
        "m_numberOfRows": 5
      }
    ],
    "m_biomeOverrideOrder": null,
    "m_nextRowIndex": 6,
    "m_carriageRowIndex": 3,
    "RowData": {
      "nodeTrig": [
        "Completed"
      ],
      "roadEvtTrig": [
        [
          "Completed",
          "Completed",
          "Completed"
        ],
        [],
        [],
        [
          "Completed"
        ]
      ]
    },
    "TileCounterData": {
      "m_counters": [
        [
          [
            "Assets/Data/Biome/ValleyIntro/Map/RoadTiles/road_inkfireworld_straight_narrative_panels_mid_prologue.prefab",
            1
          ],
          [
            "Assets/Data/Biome/ValleyCommon/Map/DecorTiles/valley_inkfireworld_tile_06.prefab",
            15
          ],
          [
            "Assets/Data/Biome/ValleyCommon/Map/DecorTiles/valley_inkfireworld_tile_07.prefab",
            1
          ],
          [
            "Assets/Data/Biome/ValleyCommon/Map/DecorTiles/valley_inkfireworld_tile_01.prefab",
            4
          ],
          [
            "Assets/Data/Biome/ValleyCommon/Map/DecorTiles/valley_inkfireworld_tile_03.prefab",
            2
          ],
          [
            "Assets/Data/Biome/ValleyCommon/Map/RoadTiles/road_valley_straight_single_02.prefab",
            4
          ],
          [
            "Assets/Data/Biome/ValleyCommon/Map/RoadTiles/road_valley_diagonal_turn_02.prefab",
            1
          ],
          [
            "Assets/Data/Biome/ValleyCommon/Map/RoadTiles/road_valley_straight_single.prefab",
            5
          ],
          [
            "Assets/Data/Biome/ValleyCommon/Map/RoadTiles/road_valley_diagonal_turn_horiz_02.prefab",
            1
          ],
          [
            "Assets/Data/Biome/ValleyCommon/Map/RoadTiles/road_valley_diagonal_corner.prefab",
            1
          ],
          [
            "Assets/Data/Biome/ValleyCommon/Map/DecorTiles/valley_tile_05.prefab",
            4
          ],
          [
            "Assets/Data/Biome/ValleyCommon/Map/DecorTiles/valley_tile_03.prefab",
            2
          ],
          [
            "Assets/Data/Biome/ValleyCommon/Map/DecorTiles/valley_tile_06.prefab",
            2
          ],
          [
            "Assets/Data/Biome/ValleyCommon/Map/DecorTiles/valley_tile_02.prefab",
            1
          ],
          [
            "Assets/Data/Biome/ValleyCommon/Map/DecorTiles/valley_tile_04.prefab",
            6
          ],
          [
            "Assets/Data/Biome/ValleyCommon/Map/DecorTiles/valley_tile_07.prefab",
            1
          ],
          [
            "Assets/Data/Biome/ValleyCommon/Map/DecorTiles/valley_tile_08.prefab",
            2
          ],
          [
            "Assets/Data/Biome/ValleyCommon/Map/DecorTiles/valley_tile_09.prefab",
            1
          ]
        ],
        [
          [
            "Assets/Data/Biome/ValleyIntro/Map/RoadTiles/road_inkfireworld_straight_narrative_panels_mid_prologue.prefab",
            1
          ],
          [
            "Assets/Data/Biome/ValleyCommon/Map/DecorTiles/valley_inkfireworld_tile_06.prefab",
            15
          ],
          [
            "Assets/Data/Biome/ValleyCommon/Map/DecorTiles/valley_inkfireworld_tile_07.prefab",
            1
          ],
          [
            "Assets/Data/Biome/ValleyCommon/Map/DecorTiles/valley_inkfireworld_tile_01.prefab",
            4
          ],
          [
            "Assets/Data/Biome/ValleyCommon/Map/DecorTiles/valley_inkfireworld_tile_03.prefab",
            2
          ],
          [
            "Assets/Data/Biome/ValleyCommon/Map/RoadTiles/road_valley_straight_single_02.prefab",
            4
          ],
          [
            "Assets/Data/Biome/ValleyCommon/Map/RoadTiles/road_valley_diagonal_turn_02.prefab",
            1
          ],
          [
            "Assets/Data/Biome/ValleyCommon/Map/RoadTiles/road_valley_straight_single.prefab",
            5
          ],
          [
            "Assets/Data/Biome/ValleyCommon/Map/RoadTiles/road_valley_diagonal_turn_horiz_02.prefab",
            1
          ],
          [
            "Assets/Data/Biome/ValleyCommon/Map/RoadTiles/road_valley_diagonal_corner.prefab",
            1
          ],
          [
            "Assets/Data/Biome/ValleyCommon/Map/DecorTiles/valley_tile_05.prefab",
            4
          ],
          [
            "Assets/Data/Biome/ValleyCommon/Map/DecorTiles/valley_tile_03.prefab",
            2
          ],
          [
            "Assets/Data/Biome/ValleyCommon/Map/DecorTiles/valley_tile_06.prefab",
            2
          ],
          [
            "Assets/Data/Biome/ValleyCommon/Map/DecorTiles/valley_tile_02.prefab",
            1
          ],
          [
            "Assets/Data/Biome/ValleyCommon/Map/DecorTiles/valley_tile_04.prefab",
            6
          ],
          [
            "Assets/Data/Biome/ValleyCommon/Map/DecorTiles/valley_tile_07.prefab",
            1
          ],
          [
            "Assets/Data/Biome/ValleyCommon/Map/DecorTiles/valley_tile_08.prefab",
            2
          ],
          [
            "Assets/Data/Biome/ValleyCommon/Map/DecorTiles/valley_tile_09.prefab",
            1
          ]
        ],
        []
      ]
    }
  },
  "minimap": [
    [
      {
        "m_linkChosenState": [
          "CHOSEN"
        ],
        "m_linkRevealedStatus": [
          true
        ],
        "m_iconChosenState": [
          "CHOSEN"
        ],
        "m_iconRevealedStatus": [
          true
        ]
      },
      {
        "m_linkChosenState": [
          "CHOSEN"
        ],
        "m_linkRevealedStatus": [
          true
        ],
        "m_iconChosenState": [
          "CHOSEN"
        ],
        "m_iconRevealedStatus": [
          true
        ]
      },
      {
        "m_linkChosenState": [
          "CHOSEN"
        ],
        "m_linkRevealedStatus": [
          true
        ],
        "m_iconChosenState": [
          "CHOSEN"
        ],
        "m_iconRevealedStatus": [
          true
        ]
      },
      {
        "m_linkChosenState": [
          "CHOSEN"
        ],
        "m_linkRevealedStatus": [
          true
        ],
        "m_iconChosenState": [
          "CHOSEN"
        ],
        "m_iconRevealedStatus": [
          true
        ]
      },
      {
        "m_linkChosenState": [],
        "m_linkRevealedStatus": [],
        "m_iconChosenState": [
          "UPCOMING"
        ],
        "m_iconRevealedStatus": [
          true
        ]
      }
    ]
  ]
}