{
  "Version": 0,
  "battle": {
    "m_BattleModifier": null,
    "teams": {
      "teams": [
        {
          "m_TeamSize": 4,
          "m_TeamIndex": 0,
          "m_ActorControllerType": "INPUT",
          "m_RecordedLockedTeamPositionInfos": [],
          "m_BattleModifier": null,
          "m_BattleAutomatedCoverageTestState": null,
          "m_ActorsToAddToSummonQueueCount": 0,
          "actors": [
            2,
            3,
            1,
            4
          ],
          "summon_controller": {
            "m_WaveQueue": [],
            "m_SummonControllerConfiguration": null,
            "m_Queue": []
          }
        },
        {
          "m_TeamSize": 4,
          "m_TeamIndex": 1,
          "m_ActorControllerType": "RANDOM",
          "m_RecordedLockedTeamPositionInfos": [],
          "m_BattleModifier": null,
          "m_BattleAutomatedCoverageTestState": null,
          "m_ActorsToAddToSummonQueueCount": 0,
          "actors": [
            8,
            9,
            10
          ],
          "summon_controller": {
            "m_WaveQueue": [],
            "m_SummonControllerConfiguration": null,
            "m_Queue": []
          }
        }
      ]
    },
    "battle_tracking": {
      "m_LastSkillAffinitySkillHistories": [
        {
          "m_AppliedSourceEffects": [],
          "m_IsCrit": false
        }
      ],
      "m_DeathLootIds": [],
      "m_KilledActorDataIds": [
        "shared_lost_soul_widow"
      ],
      "m_HitSkillIdCounts": [
        [
          "hwm_duelists_advance",
          1
        ],
        [
          "gr_flashing_daggers",
          2
        ],
        [
          "pd_noxious_blast",
          2
        ],
        [
          "gaunt_widow_i_was_pretty",
          2
        ],
        [
          "hwm_riposte",
          2
        ],
        [
          "gaunt_woodsman_fell_the_tree",
          1
        ],
        [
          "maa_defender",
          1
        ],
        [
          "hwm_wicked_slice",
          2
        ],
        [
          "gr_poison_dart",
          1
        ],
        [
          "maa_crush",
          1
        ],
        [
          "gaunt_woodsman_protect_the_child",
          1
        ]
      ],
      "m_ActorStatusCounts": [],
      "m_StallInvalidatingActorGuids": [
        2
      ],
      "m_StallIsCurrentRoundValid": false,
      "m_StallActioningActorGuids": [
        2
      ]
    },
    "turn_order": {
      "m_AmbushTeamIndex": -1,
      "m_Round": 3,
      "m_TurnOrder": [
        {
          "m_ActorGuid": 2,
          "m_TurnType": "roll"
        },
        {
          "m_ActorGuid": 1,
          "m_TurnType": "roll"
        },
        {
          "m_ActorGuid": 10,
          "m_TurnType": "roll"
        },
        {
          "m_ActorGuid": 4,
          "m_TurnType": "roll"
        },
        {
          "m_ActorGuid": 8,
          "m_TurnType": "roll"
        },
        {
          "m_ActorGuid": 3,
          "m_TurnType": "roll"
        }
      ],
      "m_CurrentTurn": 1,
      "m_TotalTurns": 13
    }
  },
  "arena": {
    "m_ArenaModifierInstance": null,
    "m_ArenaModifierCooldown": 0
  }
}