{
  "run_values": {
    "Version": 0,
    "values": {
      "torch": 88.0,
      "hero_upgrade_points": 0.0,
      "doom": 0.0,
      "stage_coach_armor": 2.0,
      "stage_coach_wheels": 2.0
    }
  },
  "version": {
    "Version": 0,
    "BuildVersion": 62244,
    "RunCount": 2,
    "RunID": "900ad143-1306-4faa-8d96-f89035a699dc"
  },
  "random": {
    "Version": 0,
    "m_randomMap": [
      [
        "LOCALIZATION",
        {
          "s0": -1852610020,
          "s1": 266549944,
          "s2": -102474504,
          "s3": 1728365612
        }
      ],
      [
        "MAP_GEN",
        {
          "s0": 820866365,
          "s1": -1054971090,
          "s2": -648059093,
          "s3": -97031124
        }
      ],
      [
        "LOOT",
        {
          "s0": 323536804,
          "s1": -1265961779,
          "s2": 1529771747,
          "s3": 94692970
        }
      ],
      [
        "QUIRK_GENERATION",
        {
          "s0": 1621157755,
          "s1": 1941513864,
          "s2": -674674474,
          "s3": 496751811
        }
      ],
      [
        "QUIRK_RANDOM",
        {
          "s0": 2003562752,
          "s1": 2022642945,
          "s2": 565695078,
          "s3": 1978177599
        }
      ],
      [
        "BUFF_GENERATION",
        {
          "s0": 908441724,
          "s1": -402643731,
          "s2": -1706269054,
          "s3": 1754137419
        }
      ],
      [
        "EVENT",
        {
          "s0": 1302303303,
          "s1": -114445052,
          "s2": 1745063573,
          "s3": -1295516214
        }
      ],
      [
        "COMBAT",
        {
          "s0": -1594669677,
          "s1": -687837572,
          "s2": -1054320894,
          "s3": 1408786086
        }
      ],
      [
        "MINIMAP_GEN",
        {
          "s0": 1749741818,
          "s1": 465329354,
          "s2": -1405319572,
          "s3": -2040363252
        }
      ],
      [
        "STORY_PICKER",
        {
          "s0": 931361631,
          "s1": 2066963324,
          "s2": -409177107,
          "s3": 1111396738
        }
      ],
      [
        "STORY_IMG_PICKER",
        {
          "s0": 2029646488,
          "s1": 1066929657,
          "s2": -465124290,
          "s3": 475244399
        }
      ],
      [
        "BANTER",
        {
          "s0": 754250054,
          "s1": -223631713,
          "s2": 1010619324,
          "s3": 1802708269
        }
      ],
      [
        "STORY_RUNNER",
        {
          "s0": 1520609601,
          "s1": -611872858,
          "s2": 501580415,
          "s3": -1009028324
        }
      ],
      [
        "AI",
        {
          "s0": 574084549,
          "s1": 1439744954,
          "s2": 1714537059,
          "s3": 123579408
        }
      ],
      [
        "INN",
        {
          "s0": 692221471,
          "s1": 659042620,
          "s2": -898070355,
          "s3": 460161346
        }
      ],
      [
        "INN_QUIRK",
        {
          "s0": 1718670260,
          "s1": -2051352059,
          "s2": -746082054,
          "s3": 1628740771
        }
      ],
      [
        "INN_STORE",
        {
          "s0": 701994650,
          "s1": -136522557,
          "s2": 223431664,
          "s3": 373712305
        }
      ],
      [
        "DOOM",
        {
          "s0": 903018393,
          "s1": 1944817758,
          "s2": 1724138263,
          "s3": 485934868
        }
      ],
      [
        "STORY",
        {
          "s0": 1353688410,
          "s1": -1344161042,
          "s2": -2061402158,
          "s3": 365395891
        }
      ],
      [
        "PARTY",
        {
          "s0": 1863783063,
          "s1": 1663968404,
          "s2": 1121165925,
          "s3": -1406525734
        }
      ],
      [
        "ACTOR",
        {
          "s0": 2061580970,
          "s1": 1441210131,
          "s2": 1901424000,
          "s3": 1825420161
        }
      ],
      [
        "ACTOR_CONTAINER",
        {
          "s0": 1487764571,
          "s1": -1636056344,
          "s2": -159773303,
          "s3": -1172002802
        }
      ],
      [
        "ACTOR_CONTROLLER",
        {
          "s0": 443026824,
          "s1": 1643735408,
          "s2": -1809075497,
          "s3": 1604687787
        }
      ],
      [
        "TOKEN",
        {
          "s0": -67289858,
          "s1": 643828797,
          "s2": 1330324539,
          "s3": 156907424
        }
      ],
      [
        "ACT_OUT",
        {
          "s0": 1216316843,
          "s1": -1637361764,
          "s2": 1771396259,
          "s3": -1549847941
        }
      ],
      [
        "DEATHS_DOOR",
        {
          "s0": 1462380349,
          "s1": -2085579750,
          "s2": -1014028217,
          "s3": 1872719030
        }
      ],
      [
        "AUTOMATED_TEST",
        {
          "s0": 458221273,
          "s1": 1694446750,
          "s2": -2077601705,
          "s3": -1341046444
        }
      ],
      [
        "SKILL_CALCULATION",
        {
          "s0": 533394522,
          "s1": -181939047,
          "s2": -501372689,
          "s3": 445817214
        }
      ],
      [
        "LIBRARY",
        {
          "s0": 1378064500,
          "s1": -1882375739,
          "s2": 1078278074,
          "s3": 1681360483
        }
      ],
      [
        "NODE",
        {
          "s0": -511012908,
          "s1": 1884239346,
          "s2": -1022329801,
          "s3": -1368763540
        }
      ],
      [
        "NODE_STORE",
        {
          "s0": 1376486771,
          "s1": -1290063520,
          "s2": 281467617,
          "s3": -239221818
        }
      ],
      [
        "STRESS",
        {
          "s0": 764026501,
          "s1": 81916096,
          "s2": 1017879792,
          "s3": 704219656
        }
      ],
      [
        "AFFINITY",
        {
          "s0": -1365192486,
          "s1": -1438306818,
          "s2": -1006629870,
          "s3": 1089208308
        }
      ],
      [
        "RESIST",
        {
          "s0": -2124184245,
          "s1": -1456706345,
          "s2": -296898414,
          "s3": -1023058358
        }
      ],
      [
        "EFFECT",
        {
          "s0": -1303558876,
          "s1": -1240426318,
          "s2": -2125552013,
          "s3": -1617961462
        }
      ],
      [
        "RANDOM_GAMEOBJECT",
        {
          "s0": 1314506198,
          "s1": -1524329617,
          "s2": -1772252724,
          "s3": 1921298813
        }
      ],
      [
        "BIOME",
        {
          "s0": 335719713,
          "s1": -73664762,
          "s2": 82094943,
          "s3": -486204459
        }
      ],
      [
        "ROSTER",
        {
          "s0": 1820381525,
          "s1": 1412174730,
          "s2": -1935765645,
          "s3": -981982368
        }
      ],
      [
        "SUMMON",
        {
          "s0": 84226411,
          "s1": 1080803896,
          "s2": 83597337,
          "s3": 1347904222
        }
      ],
      [
        "PATH",
        {
          "s0": 91368307,
          "s1": -210718880,
          "s2": -1527803679,
          "s3": 691245510
        }
      ],
      [
        "BOSS",
        {
          "s0": 1645371916,
          "s1": 1175263933,
          "s2": 497398162,
          "s3": -781963109
        }
      ],
      [
        "PROFILE_SEED_INSTANCE",
        {
          "s0": -1729909968,
          "s1": 928197203,
          "s2": 1727092040,
          "s3": -1506780004
        }
      ],
      [
        "ALTAR_OF_HOPE_STORE",
        {
          "s0": 609280888,
          "s1": 1978463833,
          "s2": -1631464930,
          "s3": -1027869737
        }
      ],
      [
        "GAME_SCORE",
        {
          "s0": 820866365,
          "s1": 365739538,
          "s2": -167993573,
          "s3": -74631000
        }
      ],
      [
        "RUN_GOAL",
        {
          "s0": 1092512559,
          "s1": -1163562868,
          "s2": 1347703613,
          "s3": -730104814
        }
      ],
      [
        "SKILL_MODIFIER",
        {
          "s0": 1499424556,
          "s1": -1290911651,
          "s2": 1134307762,
          "s3": 2060105019
        }
      ],
      [
        "b0_929836160_r0",
        {
          "s0": 463555181,
          "s1": -1910180326,
          "s2": 1362972201,
          "s3": 84532864
        }
      ],
      [
        "b0_929836160_r1",
        {
          "s0": 1310143142,
          "s1": 563412580,
          "s2": 2092132993,
          "s3": 1046784461
        }
      ],
      [
        "b0_929836160_r2",
        {
          "s0": 305496563,
          "s1": -1863078630,
          "s2": -372464183,
          "s3": -1481725132
        }
      ],
      [
        "b0_929836160_r3",
        {
          "s0": -1081653562,
          "s1": 187346331,
          "s2": 1834583262,
          "s3": -1923586282
        }
      ],
      [
        "b0_929836160_r4",
        {
          "s0": 2089377189,
          "s1": -1007602330,
          "s2": -2126892865,
          "s3": 577894469
        }
      ],
      [
        "b0_929836160_r5",
        {
          "s0": -2091838657,
          "s1": -512513091,
          "s2": 1342305298,
          "s3": 224641141
        }
      ]
    ],
    "m_unidentifiedState": {
      "s0": 1537142410,
      "s1": -232619892,
      "s2": -509153559,
      "s3": -1156635438
    },
    "m_seeds": [
      [
        "LOCALIZATION",
        1981230431
      ],
      [
        "MAP_GEN",
        162666978
      ],
      [
        "LOOT",
        351139220
      ],
      [
        "QUIRK_GENERATION",
        640703645
      ],
      [
        "QUIRK_RANDOM",
        2003562752
      ],
      [
        "BUFF_GENERATION",
        908441724
      ],
      [
        "EVENT",
        1302303303
      ],
      [
        "COMBAT",
        79026835
      ],
      [
        "MINIMAP_GEN",
        746510582
      ],
      [
        "STORY_PICKER",
        931361631
      ],
      [
        "STORY_IMG_PICKER",
        113232459
      ],
      [
        "BANTER",
        754250054
      ],
      [
        "STORY_RUNNER",
        1520609601
      ],
      [
        "AI",
        574084549
      ],
      [
        "INN",
        692221471
      ],
      [
        "INN_QUIRK",
        1718670260
      ],
      [
        "INN_STORE",
        701994650
      ],
      [
        "DOOM",
        903018393
      ],
      [
        "STORY",
        253402548
      ],
      [
        "PARTY",
        1863783063
      ],
      [
        "ACTOR",
        2061580970
      ],
      [
        "ACTOR_CONTAINER",
        1487764571
      ],
      [
        "ACTOR_CONTROLLER",
        50435578
      ],
      [
        "TOKEN",
        1414900900
      ],
      [
        "ACT_OUT",
        663937270
      ],
      [
        "DEATHS_DOOR",
        342759409
      ],
      [
        "AUTOMATED_TEST",
        458221273
      ],
      [
        "SKILL_CALCULATION",
        1652967833
      ],
      [
        "LIBRARY",
        1378064500
      ],
      [
        "NODE",
        915856478
      ],
      [
        "NODE_STORE",
        1376486771
      ],
      [
        "STRESS",
        43111468
      ],
      [
        "AFFINITY",
        1279204406
      ],
      [
        "RESIST",
        1288396224
      ],
      [
        "EFFECT",
        1113940287
      ],
      [
        "RANDOM_GAMEOBJECT",
        1314506198
      ],
      [
        "BIOME",
        2058598048
      ],
      [
        "ROSTER",
        1820381525
      ],
      [
        "SUMMON",
        84226411
      ],
      [
        "PATH",
        91368307
      ],
      [
        "BOSS",
        1645371916
      ],
      [
        "PROFILE_SEED_INSTANCE",
        150082924
      ],
      [
        "ALTAR_OF_HOPE_STORE",
        609280888
      ],
      [
        "GAME_SCORE",
        820866365
      ],
      [
        "RUN_GOAL",
        1092512559
      ],
      [
        "SKILL_MODIFIER",
        1499424556
      ],
      [
        "b0_929836160_r0",
        255287072
      ],
      [
        "b0_929836160_r1",
        123350544
      ],
      [
        "b0_929836160_r2",
        1721114880
      ],
      [
        "b0_929836160_r3",
        1085972352
      ],
      [
        "b0_929836160_r4",
        1140009856
      ],
      [
        "b0_929836160_r5",
        1694558208
      ]
    ]
  },
  "inventory": {
    "Version": 0,
    "m_acceptsOverflow": true,
    "m_EquipItemSlotType": null,
    "m_items": [
      {
        "def": "gold",
        "qty": 40,
        "pQty": 0,
        "duration_amount_remaining": 0,
        "name": "Relics"
      },
      {
        "def": "candles",
        "qty": 2,
        "pQty": 0,
        "duration_amount_remaining": 0,
        "name": "Candle of Hope"
      },
      {
        "def": "trinket_tiered_protectorate_minor",
        "qty": 1,
        "pQty": 0,
        "duration_amount_remaining": 0,
        "name": "Minor Protectorate"
      },
      {
        "def": "trinket_tiered_anchoring_charm",
        "qty": 1,
        "pQty": 0,
        "duration_amount_remaining": 0,
        "name": "Anchoring Charm"
      },
      null,
      null,
      null,
      null,
      null,
      null,
      null,
      null,
      null,
      null,
      null,
      null,
      null,
      null,
      null,
      null
    ],
    "m_ignoresMaxQty": false,
    "m_NumberOfRunStatSlots": 0,
    "m_sendsEvents": true,
    "m_expands": false,
    "m_CachedValidItemIds": []
  },
  "stagecoach": {
    "Version": 0,
    "m_stageCoachName": "The Last Hope",
    "general_slots": {
      "m_acceptsOverflow": false,
      "m_EquipItemSlotType": "General",
      "m_items": [
        null
      ],
      "m_ignoresMaxQty": false,
      "m_NumberOfRunStatSlots": 0,
      "m_sendsEvents": true,
      "m_expands": false,
      "m_CachedValidItemIds": []
    },
    "trophy_slots": {
      "m_acceptsOverflow": false,
      "m_EquipItemSlotType": "Trophy",
      "m_items": [
        null
      ],
      "m_ignoresMaxQty": false,
      "m_NumberOfRunStatSlots": 0,
      "m_sendsEvents": true,
      "m_expands": false,
      "m_CachedValidItemIds": []
    },
    "pet_slots": {
      "m_acceptsOverflow": false,
      "m_EquipItemSlotType": "Pet",
      "m_items": [],
      "m_ignoresMaxQty": false,
      "m_NumberOfRunStatSlots": 0,
      "m_sendsEvents": true,
      "m_expands": false,
      "m_CachedValidItemIds": []
    },
    "flame_slots": {
      "m_acceptsOverflow": false,
      "m_EquipItemSlotType": "Flame",
      "m_items": [
        null
      ],
      "m_ignoresMaxQty": false,
      "m_NumberOfRunStatSlots": 0,
      "m_sendsEvents": true,
      "m_expands": false,
      "m_CachedValidItemIds": []
    }
  },
  "gameMgr": {
    "Version": 0,
    "m_score": {
      "m_gameOverReason": null,
      "m_endBiomeType": null,
      "m_lastStageCoachSkin": null,
      "m_Scores": [
        [
          "leagues_passed",
          22
        ],
        [
          "fights_won",
          1
        ]
      ],
      "m_ScoreBonusMultipliers": [],
      "m_ScorePenaltyMultipliers": []
    }
  },
  "act_out_manager": {
    "Version": 3,
    "m_ActOutQueues": [
      {
        "m_Type": "COMBAT",
        "m_Elements": [],
        "m_IsElementsProcessed": false,
        "m_ActOutCooldowns": []
      },
      {
        "m_Type": "BANTER",
        "m_Elements": [
          {
            "m_SourceActOut": {
              "m_SourceType": "run",
              "m_SourceId": "base",
              "definition_id": "traveling_stress_damage"
            },
            "m_PerformerActorGuid": 3,
            "m_EffectActorGuids": {
              "m_PerformerActorGuid": 3,
              "m_TargetActorGuid": 3
            },
            "m_BarkActorguids": {
              "m_PerformerActorGuid": 3,
              "m_TargetActorGuid": 3
            },
            "m_ProcessIsValid": false,
            "m_ProcessChance": 0.0,
            "m_ProcessPriority": 0.0,
            "m_IsApplied": false
          },
          {
            "m_SourceActOut": {
              "m_SourceType": "run",
              "m_SourceId": "base",
              "definition_id": "traveling_stress_heal"
            },
            "m_PerformerActorGuid": 3,
            "m_EffectActorGuids": {
              "m_PerformerActorGuid": 3,
              "m_TargetActorGuid": 3
            },
            "m_BarkActorguids": {
              "m_PerformerActorGuid": 3,
              "m_TargetActorGuid": 3
            },
            "m_ProcessIsValid": false,
            "m_ProcessChance": 0.0,
            "m_ProcessPriority": 0.0,
            "m_IsApplied": false
          },
          {
            "m_SourceActOut": {
              "m_SourceType": "quirk",
              "m_SourceId": "quirk_forest_tactician_pos",
              "definition_id": "forest_tactician_banter"
            },
            "m_PerformerActorGuid": 3,
            "m_EffectActorGuids": {
              "m_PerformerActorGuid": 3,
              "m_TargetActorGuid": 2
            },
            "m_BarkActorguids": {
              "m_PerformerActorGuid": 3,
              "m_TargetActorGuid": 2
            },
            "m_ProcessIsValid": false,
            "m_ProcessChance": 0.0,
            "m_ProcessPriority": 0.0,
            "m_IsApplied": false
          },
          {
            "m_SourceActOut": {
              "m_SourceType": "run",
              "m_SourceId": "base",
              "definition_id": "traveling_stress_damage"
            },
            "m_PerformerActorGuid": 2,
            "m_EffectActorGuids": {
              "m_PerformerActorGuid": 2,
              "m_TargetActorGuid": 2
            },
            "m_BarkActorguids": {
              "m_PerformerActorGuid": 2,
              "m_TargetActorGuid": 2
            },
            "m_ProcessIsValid": false,
            "m_ProcessChance": 0.0,
            "m_ProcessPriority": 0.0,
            "m_IsApplied": false
          },
          {
            "m_SourceActOut": {
              "m_SourceType": "run",
              "m_SourceId": "base",
              "definition_id": "traveling_stress_heal"
            },
            "m_PerformerActorGuid": 2,
            "m_EffectActorGuids": {
              "m_PerformerActorGuid": 2,
              "m_TargetActorGuid": 2
            },
            "m_BarkActorguids": {
              "m_PerformerActorGuid": 2,
              "m_TargetActorGuid": 2
            },
            "m_ProcessIsValid": false,
            "m_ProcessChance": 0.0,
            "m_ProcessPriority": 0.0,
            "m_IsApplied": false
          },
          {
            "m_SourceActOut": {
              "m_SourceType": "quirk",
              "m_SourceId": "quirk_rummager_pos",
              "definition_id": "rummager_banter"
            },
            "m_PerformerActorGuid": 2,
            "m_EffectActorGuids": {
              "m_PerformerActorGuid": 2,
              "m_TargetActorGuid": 1
            },
            "m_BarkActorguids": {
              "m_PerformerActorGuid": 2,
              "m_TargetActorGuid": 1
            },
            "m_ProcessIsValid": false,
            "m_ProcessChance": 0.0,
            "m_ProcessPriority": 0.0,
            "m_IsApplied": false
          },
          {
            "m_SourceActOut": {
              "m_SourceType": "run",
              "m_SourceId": "base",
              "definition_id": "traveling_stress_damage"
            },
            "m_PerformerActorGuid": 1,
            "m_EffectActorGuids": {
              "m_PerformerActorGuid": 1,
              "m_TargetActorGuid": 1
            },
            "m_BarkActorguids": {
              "m_PerformerActorGuid": 1,
              "m_TargetActorGuid": 1
            },
            "m_ProcessIsValid": false,
            "m_ProcessChance": 0.0,
            "m_ProcessPriority": 0.0,
            "m_IsApplied": false
          },
          {
            "m_SourceActOut": {
              "m_SourceType": "run",
              "m_SourceId": "base",
              "definition_id": "traveling_stress_heal"
            },
            "m_PerformerActorGuid": 1,
            "m_EffectActorGuids": {
              "m_PerformerActorGuid": 1,
              "m_TargetActorGuid": 1
            },
            "m_BarkActorguids": {
              "m_PerformerActorGuid": 1,
              "m_TargetActorGuid": 1
            },
            "m_ProcessIsValid": false,
            "m_ProcessChance": 0.0,
            "m_ProcessPriority": 0.0,
            "m_IsApplied": false
          },
          {
            "m_SourceActOut": {
              "m_SourceType": "run",
              "m_SourceId": "base",
              "definition_id": "traveling_stress_damage"
            },
            "m_PerformerActorGuid": 4,
            "m_EffectActorGuids": {
              "m_PerformerActorGuid": 4,
              "m_TargetActorGuid": 4
            },
            "m_BarkActorguids": {
              "m_PerformerActorGuid": 4,
              "m_TargetActorGuid": 4
            },
            "m_ProcessIsValid": false,
            "m_ProcessChance": 0.0,
            "m_ProcessPriority": 0.0,
            "m_IsApplied": false
          },
          {
            "m_SourceActOut": {
              "m_SourceType": "run",
              "m_SourceId": "base",
              "definition_id": "traveling_stress_heal"
            },
            "m_PerformerActorGuid": 4,
            "m_EffectActorGuids": {
              "m_PerformerActorGuid": 4,
              "m_TargetActorGuid": 4
            },
            "m_BarkActorguids": {
              "m_PerformerActorGuid": 4,
              "m_TargetActorGuid": 4
            },
            "m_ProcessIsValid": false,
            "m_ProcessChance": 0.0,
            "m_ProcessPriority": 0.0,
            "m_IsApplied": false
          },
          {
            "m_SourceActOut": {
              "m_SourceType": "quirk",
              "m_SourceId": "quirk_slayer_of_cadavers_pos",
              "definition_id": "slayer_of_cadaver_banter"
            },
            "m_PerformerActorGuid": 4,
            "m_EffectActorGuids": {
              "m_PerformerActorGuid": 4,
              "m_TargetActorGuid": 2
            },
            "m_BarkActorguids": {
              "m_PerformerActorGuid": 4,
              "m_TargetActorGuid": 2
            },
            "m_ProcessIsValid": false,
            "m_ProcessChance": 0.0,
            "m_ProcessPriority": 0.0,
            "m_IsApplied": false
          }
        ],
        "m_IsElementsProcessed": false,
        "m_ActOutCooldowns": []
      },
      {
        "m_Type": "STORY",
        "m_Elements": [],
        "m_IsElementsProcessed": false,
        "m_ActOutCooldowns": []
      },
      {
        "m_Type": "INN",
        "m_Elements": [],
        "m_IsElementsProcessed": false,
        "m_ActOutCooldowns": []
      }
    ]
  },
  "run_manager": {
    "Version": 6,
    "m_NumberOfQuirksRerolls": 0,
    "m_Boss": "prologue",
    "m_runStartTimestamp": "10/05/2024 14:44:26",
    "m_timeAtSave": 323.388977,
    "m_BanterActOutCount": 0,
    "m_BanterTickTriggerCount": 0,
    "m_PreviousCompletedBiomeGoalReward": null,
    "m_HasEndedBiomeThisInn": false,
    "m_CurrentBiomeModifier": null,
    "m_CurrentBiomeGoalReward": null,
    "m_CurrentBiomeGoalState": "INACTIVE",
    "m_InnDefinition": null,
    "m_InnBonusDefinitions": [],
    "m_InnHistory": [],
    "m_InnGuid": "00000000-0000-0000-0000-000000000000",
    "m_LastReachedNodeType": "Bridge",
    "m_HasAppliedBeforeNodeEffects": true,
    "m_HasAppliedAfterNodeEffects": true,
    "m_BiomeHistory": [
      "ValleyIntro"
    ],
    "m_NodeCount": 4,
    "m_RoundCount": 3,
    "m_InnCount": 0,
    "m_HeroPointCount": 0,
    "m_DoomResetCount": 0,
    "m_BattleConfigurationHistory": [
      "intro_valley_gaunts_1",
      "intro_valley_gaunts_3"
    ],
    "m_CombatCount": 2,
    "m_CombatGuid": "6899d0cc-8c38-43b6-87c3-7419147aa53d",
    "m_BiomeExecutedNodeTypes": [
      "BossSelect",
      "HeroSelect",
      "StoryAssist",
      "Bridge"
    ],
    "m_BiomeStartedCombatSources": [
      "barricade",
      "barricade"
    ],
    "m_BiomeCompletedCombatSources": [
      "barricade"
    ],
    "m_BiomeStartedCombatTags": [],
    "m_BiomeCompletedCombatTags": [],
    "m_CurrentBiomeGoal": null
  },
  "run_log_manager": {
    "Version": 0,
    "m_Chapters": [
      {
        "m_GameModePhaseCounter": [
          0,
          1,
          0,
          0,
          0,
          0,
          0,
          0,
          0,
          0,
          0,
          0,
          0,
          0,
          0
        ],
        "m_ActorMeltdownCounts": [],
        "m_MeltdownActorLogData": [],
        "m_Phases": [
          {
            "m_Occurance": 0,
            "m_GameMode": "DRIVING",
            "entries": []
          }
        ]
      }
    ]
  },
  "affinity_manager": {
    "Version": 2,
    "m_Connections": [
      {
        "m_Leaning": 9,
        "m_ActorGuids": [
          2,
          3
        ],
        "m_CalculatedRelationship": null,
        "m_PreviousRelationship": null,
        "m_CurrentRelationship": null
      },
      {
        "m_Leaning": 9,
        "m_ActorGuids": [
          1,
          2
        ],
        "m_CalculatedRelationship": null,
        "m_PreviousRelationship": null,
        "m_CurrentRelationship": null
      },
      {
        "m_Leaning": 9,
        "m_ActorGuids": [
          1,
          3
        ],
        "m_CalculatedRelationship": null,
        "m_PreviousRelationship": null,
        "m_CurrentRelationship": null
      },
      {
        "m_Leaning": 11,
        "m_ActorGuids": [
          1,
          4
        ],
        "m_CalculatedRelationship": null,
        "m_PreviousRelationship": null,
        "m_CurrentRelationship": null
      },
      {
        "m_Leaning": 9,
        "m_ActorGuids": [
          2,
          4
        ],
        "m_CalculatedRelationship": null,
        "m_PreviousRelationship": null,
        "m_CurrentRelationship": null
      },
      {
        "m_Leaning": 9,
        "m_ActorGuids": [
          3,
          4
        ],
        "m_CalculatedRelationship": null,
        "m_PreviousRelationship": null,
        "m_CurrentRelationship": null
      }
    ]
  },
  "run_options": {
    "Version": 0,
    "m_boolOptions": [],
    "m_floatOptions": []
  },
  "loot_manager": {
    "Version": 1,
    "m_NextWindowItems": []
  }
}