{
  "Version": 0,
  "inn": {
    "m_InnDefinition": "valley_intro",
    "m_InnBonusDefinitions": [],
    "m_storeViewed": false,
    "m_HireActorGuids": [],
    "m_InnKeeperIndex": 1,
    "m_BiomeChoices": [],
    "m_SelectedBiomeChoiceIndex": -1,
    "store_inventory": {
      "m_acceptsOverflow": false,
      "m_EquipItemSlotType": null,
      "m_items": [],
      "m_ignoresMaxQty": true,
      "m_NumberOfRunStatSlots": 0,
      "m_sendsEvents": true,
      "m_expands": true,
      "m_CachedValidItemIds": []
    }
  }
}