{
  "roster": {
    "Version": 0,
    "m_Entries": [
      {
        "m_ActorClassId": "grave_robber",
        "m_ActorGuid": 1,
        "m_RosterStatus": "party",
        "m_RosterStatusDurationCounts": null,
        "m_SourceActorGuid": 0
      },
      {
        "m_ActorClassId": "highwayman",
        "m_ActorGuid": 2,
        "m_RosterStatus": "party",
        "m_RosterStatusDurationCounts": null,
        "m_SourceActorGuid": 0
      },
      {
        "m_ActorClassId": "man_at_arms",
        "m_ActorGuid": 3,
        "m_RosterStatus": "party",
        "m_RosterStatusDurationCounts": null,
        "m_SourceActorGuid": 0
      },
      {
        "m_ActorClassId": "plague_doctor",
        "m_ActorGuid": 4,
        "m_RosterStatus": "party",
        "m_RosterStatusDurationCounts": null,
        "m_SourceActorGuid": 0
      },
      {
        "m_ActorClassId": "duelist",
        "m_ActorGuid": 5,
        "m_RosterStatus": "reserve",
        "m_RosterStatusDurationCounts": null,
        "m_SourceActorGuid": 0
      }
    ]
  },
  "last_run_score": {
    "Version": 0,
    "m_gameOverReason": null,
    "m_endBiomeType": null,
    "m_lastStageCoachSkin": null,
    "m_Scores": [],
    "m_ScoreBonusMultipliers": [],
    "m_ScorePenaltyMultipliers": []
  }
}